{
  "C1_Godel_Bridge_MI": {
    "mean": 0.085948,
    "std": 0.010106,
    "all": [
      0.091039,
      0.068372,
      0.074303,
      0.078931,
      0.087465,
      0.078931,
      0.093726,
      0.103321,
      0.094196,
      0.077038,
      0.098435,
      0.09224,
      0.072671,
      0.087465,
      0.088528,
      0.075783,
      0.09419,
      0.085309,
      0.100635,
      0.076385
    ]
  },
  "C2_L4_Emergence": {
    "8": {
      "mean": 1,
      "std": 0.0
    },
    "16": {
      "mean": 1,
      "std": 0.0
    },
    "32": {
      "mean": 0.4,
      "std": 0.52
    },
    "48": {
      "mean": 1.6,
      "std": 0.52
    },
    "64": {
      "mean": 1,
      "std": 0.0
    }
  },
  "C3_Economy": {
    "pred_mean_us": 13.4,
    "pred_std_us": 12.8,
    "verif_mean_us": 0.021,
    "ratio": 637.3
  }
}