{
  "MI_20seeds": {
    "n": 20,
    "mean": 0.020448,
    "std": 6.8e-05,
    "95CI": [
      0.020417,
      0.020478
    ],
    "min": 0.020266,
    "max": 0.020493,
    "pct_below_0.05": 100.0,
    "all": [
      0.020266,
      0.020266,
      0.02041,
      0.02041,
      0.02041,
      0.020465,
      0.020465,
      0.020465,
      0.020465,
      0.020465,
      0.020465,
      0.020465,
      0.020492,
      0.020492,
      0.020492,
      0.020493,
      0.020493,
      0.020493,
      0.020493,
      0.020493
    ]
  },
  "MI_100seeds": {
    "n": 100,
    "mean": 0.02045,
    "std": 6.8e-05,
    "95CI": [
      0.020266,
      0.020493
    ],
    "min": 0.020266,
    "max": 0.020493,
    "pct_below_0.05": 100.0,
    "all": [
      0.020266,
      0.020266,
      0.020266,
      0.020266,
      0.020266,
      0.020266,
      0.020266,
      0.020266,
      0.020266,
      0.020266,
      0.020266,
      0.02041,
      0.02041,
      0.02041,
      0.02041,
      0.02041,
      0.02041,
      0.020465,
      0.020465,
      0.020465,
      0.020465,
      0.020465,
      0.020465,
      0.020465,
      0.020465,
      0.020465,
      0.020465,
      0.020465,
      0.020465,
      0.020465,
      0.020465,
      0.020465,
      0.020465,
      0.020465,
      0.020465,
      0.020465,
      0.020465,
      0.020465,
      0.020465,
      0.020465,
      0.020465,
      0.020465,
      0.020465,
      0.020465,
      0.020465,
      0.020465,
      0.020465,
      0.020465,
      0.020465,
      0.020465,
      0.020465,
      0.020465,
      0.020467,
      0.020467,
      0.020467,
      0.020467,
      0.02047,
      0.02047,
      0.02047,
      0.02047,
      0.02047,
      0.02047,
      0.02047,
      0.020492,
      0.020492,
      0.020492,
      0.020492,
      0.020492,
      0.020492,
      0.020492,
      0.020492,
      0.020492,
      0.020492,
      0.020492,
      0.020492,
      0.020492,
      0.020492,
      0.020492,
      0.020492,
      0.020493,
      0.020493,
      0.020493,
      0.020493,
      0.020493,
      0.020493,
      0.020493,
      0.020493,
      0.020493,
      0.020493,
      0.020493,
      0.020493,
      0.020493,
      0.020493,
      0.020493,
      0.020493,
      0.020493,
      0.020493,
      0.020493,
      0.020493,
      0.020493
    ]
  }
}