{
  "Standard": {
    "grok": 600,
    "end_test": 0.008197966031730175,
    "min_test": 0.008197966031730175
  },
  "+G": {
    "grok": 550,
    "end_test": 0.38667070865631104,
    "min_test": 0.004250796977430582
  },
  "+SelfRefine": {
    "grok": 600,
    "end_test": 0.008197966031730175,
    "min_test": 0.005161682143807411
  }
}